[{"model": "accounts.user", "pk": "1dbce778-e3a5-4930-a35c-68f721db944b", "fields": {"password": "pbkdf2_sha256$870000$fjLMq2Oy4lHF7cGXrtVpFG$azUsz65R3ALwA8CEQ4RrbFyXNXI51f2WDncc1WKah/M=", "last_login": null, "is_superuser": false, "email": "chukaagirls3@gmail.com", "phone": "0115388019 ", "first_name": "Dean", "last_name": "Muchangi", "profile_photo": "", "gender": "", "national_id": "", "date_of_birth": null, "school": "f5a3dddd-a8a8-4dda-8279-e46d14835ce0", "is_platform_admin": false, "is_school_admin": false, "is_teacher": true, "is_parent": false, "is_student": false, "school_role": "admin", "is_staff": false, "is_active": true, "created_at": "2026-03-03T12:09:56.796Z", "updated_at": "2026-03-03T12:09:56.796Z", "last_login_ip": null, "groups": [], "user_permissions": []}}, {"model": "accounts.user", "pk": "45a9b171-56ed-49a8-a554-a2ecad9d78d6", "fields": {"password": "pbkdf2_sha256$870000$CvIw38kTuHVqYGRI0rEG1i$kpN54OVJOc3Ir6XHkWH6J74ePrVpb/rGN6jg/Cfn6Xw=", "last_login": "2026-03-16T10:40:04.956Z", "is_superuser": false, "email": "adalyn_cgs02-2026@chukagirls.ac.ke", "phone": "", "first_name": "Adalyn", "last_name": "Mwende", "profile_photo": "", "gender": "", "national_id": "", "date_of_birth": null, "school": "f5a3dddd-a8a8-4dda-8279-e46d14835ce0", "is_platform_admin": false, "is_school_admin": false, "is_teacher": false, "is_parent": false, "is_student": true, "school_role": "admin", "is_staff": false, "is_active": true, "created_at": "2026-03-04T14:07:36.119Z", "updated_at": "2026-03-16T10:34:04.979Z", "last_login_ip": null, "groups": [], "user_permissions": []}}, {"model": "accounts.user", "pk": "47d980b8-90c2-430e-adbd-0382a3cfae7b", "fields": {"password": "pbkdf2_sha256$870000$dVzmV5ZozPx0A4UV4v3zkI$HXXg7so6EhHHvQsKdSTrll92YR2uBouYRxXWQfngo5s=", "last_login": null, "is_superuser": false, "email": "mercy_cgs07-2026@chukagirls.ac.ke", "phone": "", "first_name": "Mercy", "last_name": "Chebet", "profile_photo": "", "gender": "", "national_id": "", "date_of_birth": null, "school": "f5a3dddd-a8a8-4dda-8279-e46d14835ce0", "is_platform_admin": false, "is_school_admin": false, "is_teacher": false, "is_parent": false, "is_student": true, "school_role": "admin", "is_staff": false, "is_active": true, "created_at": "2026-03-16T10:13:51.621Z", "updated_at": "2026-03-16T10:34:04.860Z", "last_login_ip": null, "groups": [], "user_permissions": []}}, {"model": "accounts.user", "pk": "57620eec-1e3d-40ce-800a-bfdb84996cbd", "fields": {"password": "pbkdf2_sha256$870000$sfqTUDFKbOZEqEiCeHVUwR$PJuy541Os9ZX3yLa3Q8GidHKpEWBco1RDLOxy+/m8Yo=", "last_login": "2026-03-16T10:39:18.600Z", "is_superuser": false, "email": "esther_cgs05-2026@chukagirls.ac.ke", "phone": "", "first_name": "Esther", "last_name": "Achieng", "profile_photo": "", "gender": "", "national_id": "", "date_of_birth": null, "school": "f5a3dddd-a8a8-4dda-8279-e46d14835ce0", "is_platform_admin": false, "is_school_admin": false, "is_teacher": false, "is_parent": false, "is_student": true, "school_role": "admin", "is_staff": false, "is_active": true, "created_at": "2026-03-16T10:13:50.433Z", "updated_at": "2026-03-16T10:34:04.812Z", "last_login_ip": null, "groups": [], "user_permissions": []}}, {"model": "accounts.user", "pk": "6355adaa-c6b4-4d6e-bd42-147027163199", "fields": {"password": "pbkdf2_sha256$870000$Q2eUEdol5oc79v6lje8Mp5$23Z0rw2wtrFS7IUACqthUkhiDwYc/ZlmZvUFCav/ofA=", "last_login": null, "is_superuser": false, "email": "faith_cgs03-2026@chukagirls.ac.ke", "phone": "", "first_name": "Faith", "last_name": "Muthoni", "profile_photo": "", "gender": "", "national_id": "", "date_of_birth": null, "school": "f5a3dddd-a8a8-4dda-8279-e46d14835ce0", "is_platform_admin": false, "is_school_admin": false, "is_teacher": false, "is_parent": false, "is_student": true, "school_role": "admin", "is_staff": false, "is_active": true, "created_at": "2026-03-16T10:13:55.063Z", "updated_at": "2026-03-16T10:34:05.039Z", "last_login_ip": null, "groups": [], "user_permissions": []}}, {"model": "accounts.user", "pk": "7093f565-677e-40dd-b887-389bb43d2236", "fields": {"password": "pbkdf2_sha256$870000$hTrlAEJsaMpU9Omrkg4JbB$nnk+FSZVoRJBmDfzgNZwJQTkw2ZeeP/ZiNMvMP2OGVk=", "last_login": null, "is_superuser": false, "email": "mercykathomi428@gmail.com", "phone": "+254 112581460", "first_name": "Adalyn", "last_name": "Mark", "profile_photo": "", "gender": "", "national_id": "", "date_of_birth": null, "school": "f5a3dddd-a8a8-4dda-8279-e46d14835ce0", "is_platform_admin": false, "is_school_admin": false, "is_teacher": false, "is_parent": true, "is_student": false, "school_role": "admin", "is_staff": false, "is_active": true, "created_at": "2026-03-05T16:18:05.262Z", "updated_at": "2026-03-05T16:18:05.262Z", "last_login_ip": null, "groups": [], "user_permissions": []}}, {"model": "accounts.user", "pk": "885b289b-5065-489b-ab07-b2c3efee9397", "fields": {"password": "pbkdf2_sha256$1000000$ldMEV7Hgy0XQ9GcgLCptqX$URFMFkgUpyxK/qLQ8aIrN9GSslSumUjz7NVPzgbE9Us=", "last_login": "2026-04-28T11:08:45.979Z", "is_superuser": true, "email": "official.mercymbaka@gmail.com", "phone": "0748077609", "first_name": "Mercy", "last_name": "Mbaka", "profile_photo": "users/photos/IMG_20251201_144523.jpg", "gender": "female", "national_id": "", "date_of_birth": "2002-02-25", "school": "f5a3dddd-a8a8-4dda-8279-e46d14835ce0", "is_platform_admin": false, "is_school_admin": true, "is_teacher": false, "is_parent": false, "is_student": false, "school_role": "admin", "is_staff": true, "is_active": true, "created_at": "2026-02-28T14:43:59.648Z", "updated_at": "2026-02-28T19:39:04.127Z", "last_login_ip": null, "groups": [], "user_permissions": []}}, {"model": "accounts.user", "pk": "8ccb471c-3c1e-4781-8e28-c8c419d90344", "fields": {"password": "pbkdf2_sha256$870000$dBd8YlaZ5sdLEbDOWe1QNv$TiilL89KGwa8S/8NBrLzUcuTDjvX5TszP6KYSitlI7E=", "last_login": null, "is_superuser": false, "email": "priscilla_cgs09-2026@chukagirls.ac.ke", "phone": "", "first_name": "Priscilla", "last_name": "Kamau", "profile_photo": "", "gender": "", "national_id": "", "date_of_birth": null, "school": "f5a3dddd-a8a8-4dda-8279-e46d14835ce0", "is_platform_admin": false, "is_school_admin": false, "is_teacher": false, "is_parent": false, "is_student": true, "school_role": "admin", "is_staff": false, "is_active": true, "created_at": "2026-03-16T10:13:53.225Z", "updated_at": "2026-03-16T10:34:04.921Z", "last_login_ip": null, "groups": [], "user_permissions": []}}, {"model": "accounts.user", "pk": "b7c96b4d-6992-4cbe-a22d-c383055be619", "fields": {"password": "pbkdf2_sha256$870000$4pxn3Ee5Z3Vu6o0YdUdU8W$lyg2cbbPkHGjs3hPscM58daQOTG2Nv/v4qVewFi0WdE=", "last_login": null, "is_superuser": false, "email": "lydia_cgs06-2026@chukagirls.ac.ke", "phone": "", "first_name": "Lydia", "last_name": "Wambua", "profile_photo": "", "gender": "", "national_id": "", "date_of_birth": null, "school": "f5a3dddd-a8a8-4dda-8279-e46d14835ce0", "is_platform_admin": false, "is_school_admin": false, "is_teacher": false, "is_parent": false, "is_student": true, "school_role": "admin", "is_staff": false, "is_active": true, "created_at": "2026-03-16T10:13:59.787Z", "updated_at": "2026-03-16T10:34:05.198Z", "last_login_ip": null, "groups": [], "user_permissions": []}}, {"model": "accounts.user", "pk": "b8d3ce99-d7a6-4418-9578-ac175bd317b4", "fields": {"password": "pbkdf2_sha256$870000$aAyuWGYGS8TSmXdEHPUgSJ$gI3wDnHt7VKWm3RFPQuKshj8As92mzd2AaUQ0A4dqqY=", "last_login": null, "is_superuser": false, "email": "grace_cgs04-2026@chukagirls.ac.ke", "phone": "", "first_name": "Grace", "last_name": "Njeri", "profile_photo": "", "gender": "", "national_id": "", "date_of_birth": null, "school": "f5a3dddd-a8a8-4dda-8279-e46d14835ce0", "is_platform_admin": false, "is_school_admin": false, "is_teacher": false, "is_parent": false, "is_student": true, "school_role": "admin", "is_staff": false, "is_active": true, "created_at": "2026-03-16T10:13:56.845Z", "updated_at": "2026-03-16T10:34:05.099Z", "last_login_ip": null, "groups": [], "user_permissions": []}}, {"model": "accounts.user", "pk": "b9951e74-9c74-4a26-abd9-6ee8426371a8", "fields": {"password": "pbkdf2_sha256$870000$GDUiWCflVskKa8Vy6GbQdx$R/1wpQgrzeA8fK6hViBHvxGd6zlF2b2no1fCfcwAyDk=", "last_login": null, "is_superuser": false, "email": "sharon_cgs08-2026@chukagirls.ac.ke", "phone": "", "first_name": "Sharon", "last_name": "Otieno", "profile_photo": "", "gender": "", "national_id": "", "date_of_birth": null, "school": "f5a3dddd-a8a8-4dda-8279-e46d14835ce0", "is_platform_admin": false, "is_school_admin": false, "is_teacher": false, "is_parent": false, "is_student": true, "school_role": "admin", "is_staff": false, "is_active": true, "created_at": "2026-03-16T10:13:58.037Z", "updated_at": "2026-03-16T10:34:05.150Z", "last_login_ip": null, "groups": [], "user_permissions": []}}, {"model": "accounts.user", "pk": "bb7fe221-fc51-4641-b526-e73769752fa3", "fields": {"password": "pbkdf2_sha256$1000000$wbjatPxoLIecZdbLmf6MP2$tkWYzESsb/B1qgQIA92cdwDjXqPW82XWJdeK9BToH2k=", "last_login": null, "is_superuser": false, "email": "mercymbaka25@gmail.com", "phone": "0112581460", "first_name": "Mercy", "last_name": "Mbaka", "profile_photo": "", "gender": "", "national_id": "", "date_of_birth": null, "school": "f5a3dddd-a8a8-4dda-8279-e46d14835ce0", "is_platform_admin": false, "is_school_admin": false, "is_teacher": false, "is_parent": true, "is_student": false, "school_role": "admin", "is_staff": false, "is_active": true, "created_at": "2026-04-27T09:28:44.859Z", "updated_at": "2026-04-27T09:28:44.859Z", "last_login_ip": null, "groups": [], "user_permissions": []}}, {"model": "schools.school", "pk": "f5a3dddd-a8a8-4dda-8279-e46d14835ce0", "fields": {"name": "Chuka Girls Secondary School", "slug": "chuka-girls-secondary-school", "motto": "Today's Effort is Tomorrow's Success", "logo": "", "address": "Kiagondu Forest Road, Karingari, Chuka", "county": "Tharaka-Nithi", "town": "Chuka", "phone": "064-630001", "email": "chukaagirls3@gmail.com", "website": "", "po_box": "3", "knec_code": "19308304", "school_type": "boarding", "gender_type": "girls", "category": "extra_county", "subscription_plan": "trial", "subscription_expires": null, "is_active": true, "current_year": 2026, "current_term": 3, "created_at": "2026-02-28T15:21:41.566Z", "updated_at": "2026-02-28T15:22:36.812Z"}}, {"model": "schools.academicyear", "pk": 1, "fields": {"school": "f5a3dddd-a8a8-4dda-8279-e46d14835ce0", "year": 2026, "start_date": "2026-01-06", "end_date": "2026-11-28", "is_current": true}}, {"model": "schools.term", "pk": 1, "fields": {"academic_year": 1, "number": 1, "name": "Term 1 2026", "start_date": "2026-01-06", "end_date": "2026-04-04", "is_current": true}}, {"model": "schools.term", "pk": 2, "fields": {"academic_year": 1, "number": 2, "name": "Term 2 2026", "start_date": "2026-05-05", "end_date": "2026-08-07", "is_current": true}}, {"model": "schools.term", "pk": 3, "fields": {"academic_year": 1, "number": 3, "name": "Term 3 2026", "start_date": "2026-09-01", "end_date": "2026-11-28", "is_current": false}}, {"model": "academics.subjectcategory", "pk": 1, "fields": {"name": "Sciences", "school": "f5a3dddd-a8a8-4dda-8279-e46d14835ce0"}}, {"model": "academics.subjectcategory", "pk": 2, "fields": {"name": "Languages", "school": "f5a3dddd-a8a8-4dda-8279-e46d14835ce0"}}, {"model": "academics.subjectcategory", "pk": 3, "fields": {"name": "Humanities", "school": "f5a3dddd-a8a8-4dda-8279-e46d14835ce0"}}, {"model": "academics.subjectcategory", "pk": 4, "fields": {"name": "Mathematics", "school": "f5a3dddd-a8a8-4dda-8279-e46d14835ce0"}}, {"model": "academics.subjectcategory", "pk": 5, "fields": {"name": "Technical & Applied", "school": "f5a3dddd-a8a8-4dda-8279-e46d14835ce0"}}, {"model": "academics.subject", "pk": "091b9892-13c5-43c6-98e4-be716ef92fb0", "fields": {"school": "f5a3dddd-a8a8-4dda-8279-e46d14835ce0", "category": 3, "name": "History & Government", "code": "HIST", "is_compulsory": true, "is_kcse_subject": true, "max_score": 100, "kcse_points_weight": "1.00"}}, {"model": "academics.subject", "pk": "3cb4b124-9ede-4731-a0d1-817f1414f904", "fields": {"school": "f5a3dddd-a8a8-4dda-8279-e46d14835ce0", "category": 2, "name": "English", "code": "Eng", "is_compulsory": true, "is_kcse_subject": true, "max_score": 100, "kcse_points_weight": "1.00"}}, {"model": "academics.subject", "pk": "3f194eac-861e-44dd-8e6c-c99d2bb6b3ac", "fields": {"school": "f5a3dddd-a8a8-4dda-8279-e46d14835ce0", "category": 1, "name": "Chemistry", "code": "Chem", "is_compulsory": true, "is_kcse_subject": true, "max_score": 100, "kcse_points_weight": "1.00"}}, {"model": "academics.subject", "pk": "474e58e4-9a73-4f4a-ae28-e27d3effa023", "fields": {"school": "f5a3dddd-a8a8-4dda-8279-e46d14835ce0", "category": 3, "name": "Business Studies", "code": "BST", "is_compulsory": true, "is_kcse_subject": true, "max_score": 100, "kcse_points_weight": "1.00"}}, {"model": "academics.subject", "pk": "4b8a5958-8580-4bcf-925e-7302d2359327", "fields": {"school": "f5a3dddd-a8a8-4dda-8279-e46d14835ce0", "category": 4, "name": "Mathematics", "code": "Math", "is_compulsory": true, "is_kcse_subject": true, "max_score": 100, "kcse_points_weight": "1.00"}}, {"model": "academics.subject", "pk": "529c7c4a-5aaa-4064-8bab-cc7cc30a8e90", "fields": {"school": "f5a3dddd-a8a8-4dda-8279-e46d14835ce0", "category": 5, "name": "Home Science", "code": "HSC", "is_compulsory": true, "is_kcse_subject": true, "max_score": 100, "kcse_points_weight": "1.00"}}, {"model": "academics.subject", "pk": "5a9c1846-7bf2-4ad6-9e6d-4be8db439cdb", "fields": {"school": "f5a3dddd-a8a8-4dda-8279-e46d14835ce0", "category": 5, "name": "Computer Studies", "code": "COMP", "is_compulsory": true, "is_kcse_subject": true, "max_score": 100, "kcse_points_weight": "1.00"}}, {"model": "academics.subject", "pk": "5b28c558-ed8c-4e2d-9277-b15da6caae7e", "fields": {"school": "f5a3dddd-a8a8-4dda-8279-e46d14835ce0", "category": 5, "name": "Agriculture", "code": "AGR", "is_compulsory": true, "is_kcse_subject": true, "max_score": 100, "kcse_points_weight": "1.00"}}, {"model": "academics.subject", "pk": "671330a8-58db-4809-9d0b-2e6a9760ef83", "fields": {"school": "f5a3dddd-a8a8-4dda-8279-e46d14835ce0", "category": 1, "name": "Physics", "code": "PHY", "is_compulsory": true, "is_kcse_subject": true, "max_score": 100, "kcse_points_weight": "1.00"}}, {"model": "academics.subject", "pk": "b5d9a44f-956b-464f-8ca5-225775956940", "fields": {"school": "f5a3dddd-a8a8-4dda-8279-e46d14835ce0", "category": 3, "name": "Geography", "code": "GEO", "is_compulsory": true, "is_kcse_subject": true, "max_score": 100, "kcse_points_weight": "1.00"}}, {"model": "academics.subject", "pk": "b9a30b29-ef35-4b9f-8988-ebd3c3da263c", "fields": {"school": "f5a3dddd-a8a8-4dda-8279-e46d14835ce0", "category": 1, "name": "Biology", "code": "Bio", "is_compulsory": true, "is_kcse_subject": true, "max_score": 100, "kcse_points_weight": "1.00"}}, {"model": "academics.subject", "pk": "e600278a-edac-4c95-85b8-1e910f632050", "fields": {"school": "f5a3dddd-a8a8-4dda-8279-e46d14835ce0", "category": 3, "name": "Christian Religious Education", "code": "CRE", "is_compulsory": true, "is_kcse_subject": true, "max_score": 100, "kcse_points_weight": "1.00"}}, {"model": "academics.subject", "pk": "ec64c037-7a64-4eb9-8b9d-7e9c1e46c6bf", "fields": {"school": "f5a3dddd-a8a8-4dda-8279-e46d14835ce0", "category": 2, "name": "Kiswahili", "code": "Kis", "is_compulsory": true, "is_kcse_subject": true, "max_score": 100, "kcse_points_weight": "1.00"}}, {"model": "academics.subject", "pk": "f33a4724-ef6c-4fa8-b431-cc957012b7b1", "fields": {"school": "f5a3dddd-a8a8-4dda-8279-e46d14835ce0", "category": 2, "name": "Fasihi ya Kiswahili", "code": "FAS", "is_compulsory": true, "is_kcse_subject": true, "max_score": 100, "kcse_points_weight": "1.00"}}, {"model": "academics.classlevel", "pk": 1, "fields": {"school": "f5a3dddd-a8a8-4dda-8279-e46d14835ce0", "name": "Form 1", "level_order": 1}}, {"model": "academics.classlevel", "pk": 2, "fields": {"school": "f5a3dddd-a8a8-4dda-8279-e46d14835ce0", "name": "Form 2", "level_order": 2}}, {"model": "academics.classlevel", "pk": 3, "fields": {"school": "f5a3dddd-a8a8-4dda-8279-e46d14835ce0", "name": "Form 3", "level_order": 3}}, {"model": "academics.classlevel", "pk": 4, "fields": {"school": "f5a3dddd-a8a8-4dda-8279-e46d14835ce0", "name": "Form 4", "level_order": 4}}, {"model": "academics.stream", "pk": "0a07ce65-3df4-4ddb-b989-2b017a8e7ac9", "fields": {"school": "f5a3dddd-a8a8-4dda-8279-e46d14835ce0", "class_level": 2, "name": "North", "class_teacher": null, "capacity": 45}}, {"model": "academics.stream", "pk": "1479e00a-fbc9-4976-aadb-f642cb72402d", "fields": {"school": "f5a3dddd-a8a8-4dda-8279-e46d14835ce0", "class_level": 3, "name": "East", "class_teacher": null, "capacity": 45}}, {"model": "academics.stream", "pk": "346bfdbe-0a53-4b80-8722-1cb9043e1f40", "fields": {"school": "f5a3dddd-a8a8-4dda-8279-e46d14835ce0", "class_level": 2, "name": "South", "class_teacher": null, "capacity": 45}}, {"model": "academics.stream", "pk": "3ad5d866-17ff-4f23-9c9d-7264dfcc6387", "fields": {"school": "f5a3dddd-a8a8-4dda-8279-e46d14835ce0", "class_level": 4, "name": "East", "class_teacher": null, "capacity": 45}}, {"model": "academics.stream", "pk": "406be9a0-80fe-4680-9172-a019e3823dea", "fields": {"school": "f5a3dddd-a8a8-4dda-8279-e46d14835ce0", "class_level": 4, "name": "West", "class_teacher": null, "capacity": 45}}, {"model": "academics.stream", "pk": "425712d2-1b51-4068-91f1-82bc3ac5b995", "fields": {"school": "f5a3dddd-a8a8-4dda-8279-e46d14835ce0", "class_level": 1, "name": "East", "class_teacher": "885b289b-5065-489b-ab07-b2c3efee9397", "capacity": 45}}, {"model": "academics.stream", "pk": "6184663d-16f9-47e0-a24e-4698ac19283b", "fields": {"school": "f5a3dddd-a8a8-4dda-8279-e46d14835ce0", "class_level": 1, "name": "South", "class_teacher": null, "capacity": 45}}, {"model": "academics.stream", "pk": "7007d6e5-975e-4e99-95d4-3eefecd81336", "fields": {"school": "f5a3dddd-a8a8-4dda-8279-e46d14835ce0", "class_level": 4, "name": "South", "class_teacher": null, "capacity": 45}}, {"model": "academics.stream", "pk": "71c7bda7-a20b-4483-b90b-fc2c19a28528", "fields": {"school": "f5a3dddd-a8a8-4dda-8279-e46d14835ce0", "class_level": 3, "name": "South", "class_teacher": null, "capacity": 45}}, {"model": "academics.stream", "pk": "76caef9e-1349-4c10-b8df-c1045b4f9a14", "fields": {"school": "f5a3dddd-a8a8-4dda-8279-e46d14835ce0", "class_level": 1, "name": "West", "class_teacher": null, "capacity": 45}}, {"model": "academics.stream", "pk": "86acb38e-0d44-4aca-b188-061ac3f8f9a9", "fields": {"school": "f5a3dddd-a8a8-4dda-8279-e46d14835ce0", "class_level": 4, "name": "North", "class_teacher": null, "capacity": 45}}, {"model": "academics.stream", "pk": "886a44e5-3716-4533-b593-505d6cd2fe07", "fields": {"school": "f5a3dddd-a8a8-4dda-8279-e46d14835ce0", "class_level": 3, "name": "West", "class_teacher": null, "capacity": 45}}, {"model": "academics.stream", "pk": "b40b1f0e-a1bc-4e05-946f-fbab04a41e31", "fields": {"school": "f5a3dddd-a8a8-4dda-8279-e46d14835ce0", "class_level": 2, "name": "West", "class_teacher": null, "capacity": 45}}, {"model": "academics.stream", "pk": "c2db2462-eaac-4aff-8a07-e0df282a8174", "fields": {"school": "f5a3dddd-a8a8-4dda-8279-e46d14835ce0", "class_level": 1, "name": "North", "class_teacher": null, "capacity": 45}}, {"model": "academics.stream", "pk": "f54b1272-db39-4d25-b65a-0ef68a0880b0", "fields": {"school": "f5a3dddd-a8a8-4dda-8279-e46d14835ce0", "class_level": 2, "name": "East", "class_teacher": null, "capacity": 45}}, {"model": "academics.stream", "pk": "f9e98792-18bb-436e-9c07-afacd71ee3d8", "fields": {"school": "f5a3dddd-a8a8-4dda-8279-e46d14835ce0", "class_level": 3, "name": "North", "class_teacher": null, "capacity": 45}}, {"model": "students.student", "pk": "0372c4ec-b29f-4131-a0bd-8902c9577a56", "fields": {"user": "45a9b171-56ed-49a8-a554-a2ecad9d78d6", "school": "f5a3dddd-a8a8-4dda-8279-e46d14835ce0", "admission_number": "CGS02/2026", "first_name": "Adalyn", "last_name": "Mark", "middle_name": "Mwende", "date_of_birth": "2002-02-25", "gender": "female", "profile_photo": "", "national_id": "", "birth_certificate_no": "", "nemis_number": "0112581460", "current_stream": "425712d2-1b51-4068-91f1-82bc3ac5b995", "kcpe_marks": 402, "kcpe_year": null, "kcpe_index_number": "", "admission_date": "2025-01-12", "admission_year": null, "admission_type": "form1", "status": "active", "is_active": true, "is_boarder": true, "dormitory": "WERU B", "bed_number": "", "blood_group": "", "medical_conditions": "", "allergies": "", "created_at": "2026-03-01T12:02:24.348Z", "updated_at": "2026-04-22T06:09:20.788Z"}}, {"model": "students.student", "pk": "1c837088-b605-41c5-9c02-a982d099cbdd", "fields": {"user": "47d980b8-90c2-430e-adbd-0382a3cfae7b", "school": "f5a3dddd-a8a8-4dda-8279-e46d14835ce0", "admission_number": "CGS07/2026", "first_name": "Mercy", "last_name": "Chebet", "middle_name": "Rotich", "date_of_birth": "2009-08-30", "gender": "female", "profile_photo": "", "national_id": "", "birth_certificate_no": "", "nemis_number": "", "current_stream": "f54b1272-db39-4d25-b65a-0ef68a0880b0", "kcpe_marks": 388, "kcpe_year": null, "kcpe_index_number": "", "admission_date": "2025-01-08", "admission_year": null, "admission_type": "form1", "status": "active", "is_active": true, "is_boarder": false, "dormitory": "", "bed_number": "", "blood_group": "", "medical_conditions": "", "allergies": "", "created_at": "2026-03-06T07:34:13.239Z", "updated_at": "2026-03-16T10:13:51.660Z"}}, {"model": "students.student", "pk": "3461183b-9b94-4e7e-94a7-476e3a252d1d", "fields": {"user": "b8d3ce99-d7a6-4418-9578-ac175bd317b4", "school": "f5a3dddd-a8a8-4dda-8279-e46d14835ce0", "admission_number": "CGS04/2026", "first_name": "Grace", "last_name": "Njeri", "middle_name": "Wairimu", "date_of_birth": "2009-07-22", "gender": "female", "profile_photo": "", "national_id": "", "birth_certificate_no": "", "nemis_number": "", "current_stream": "c2db2462-eaac-4aff-8a07-e0df282a8174", "kcpe_marks": 378, "kcpe_year": null, "kcpe_index_number": "", "admission_date": "2026-01-10", "admission_year": null, "admission_type": "form1", "status": "active", "is_active": true, "is_boarder": true, "dormitory": "", "bed_number": "", "blood_group": "", "medical_conditions": "", "allergies": "", "created_at": "2026-03-06T07:34:13.091Z", "updated_at": "2026-03-16T10:13:56.883Z"}}, {"model": "students.student", "pk": "6808e312-de7a-459c-821e-b00a0eda31a3", "fields": {"user": "8ccb471c-3c1e-4781-8e28-c8c419d90344", "school": "f5a3dddd-a8a8-4dda-8279-e46d14835ce0", "admission_number": "CGS09/2026", "first_name": "Priscilla", "last_name": "Kamau", "middle_name": "Wangari", "date_of_birth": "2008-06-25", "gender": "female", "profile_photo": "", "national_id": "", "birth_certificate_no": "", "nemis_number": "", "current_stream": "346bfdbe-0a53-4b80-8722-1cb9043e1f40", "kcpe_marks": 395, "kcpe_year": null, "kcpe_index_number": "", "admission_date": "2025-01-08", "admission_year": null, "admission_type": "form1", "status": "active", "is_active": true, "is_boarder": false, "dormitory": "KIJEGE", "bed_number": "", "blood_group": "", "medical_conditions": "", "allergies": "", "created_at": "2026-03-06T07:34:13.352Z", "updated_at": "2026-03-16T10:13:53.264Z"}}, {"model": "students.student", "pk": "9d00b124-ba6a-4869-a25b-8b17864515d9", "fields": {"user": "b7c96b4d-6992-4cbe-a22d-c383055be619", "school": "f5a3dddd-a8a8-4dda-8279-e46d14835ce0", "admission_number": "CGS06/2026", "first_name": "Lydia", "last_name": "Wambua", "middle_name": "Ndinda", "date_of_birth": "2009-04-18", "gender": "female", "profile_photo": "", "national_id": "", "birth_certificate_no": "", "nemis_number": "", "current_stream": "76caef9e-1349-4c10-b8df-c1045b4f9a14", "kcpe_marks": 365, "kcpe_year": null, "kcpe_index_number": "", "admission_date": "2026-01-10", "admission_year": null, "admission_type": "form1", "status": "active", "is_active": true, "is_boarder": true, "dormitory": "WERU A", "bed_number": "", "blood_group": "", "medical_conditions": "", "allergies": "", "created_at": "2026-03-06T07:34:13.190Z", "updated_at": "2026-03-16T10:13:59.831Z"}}, {"model": "students.student", "pk": "a3a04b45-6843-4c55-b24f-a4fb91a3b172", "fields": {"user": "6355adaa-c6b4-4d6e-bd42-147027163199", "school": "f5a3dddd-a8a8-4dda-8279-e46d14835ce0", "admission_number": "CGS03/2026", "first_name": "Faith", "last_name": "Muthoni", "middle_name": "Wanjiku", "date_of_birth": "2009-03-12", "gender": "female", "profile_photo": "", "national_id": "", "birth_certificate_no": "", "nemis_number": "", "current_stream": "425712d2-1b51-4068-91f1-82bc3ac5b995", "kcpe_marks": 382, "kcpe_year": null, "kcpe_index_number": "", "admission_date": "2026-01-10", "admission_year": null, "admission_type": "form1", "status": "active", "is_active": true, "is_boarder": true, "dormitory": "KIJEGE", "bed_number": "", "blood_group": "", "medical_conditions": "", "allergies": "", "created_at": "2026-03-06T07:34:13.039Z", "updated_at": "2026-03-16T10:13:55.332Z"}}, {"model": "students.student", "pk": "a827fd93-c307-421e-b907-b1ebd9500603", "fields": {"user": "57620eec-1e3d-40ce-800a-bfdb84996cbd", "school": "f5a3dddd-a8a8-4dda-8279-e46d14835ce0", "admission_number": "CGS05/2026", "first_name": "Esther", "last_name": "Achieng", "middle_name": "Atieno", "date_of_birth": "2009-11-05", "gender": "female", "profile_photo": "", "national_id": "", "birth_certificate_no": "", "nemis_number": "", "current_stream": "6184663d-16f9-47e0-a24e-4698ac19283b", "kcpe_marks": 382, "kcpe_year": null, "kcpe_index_number": "", "admission_date": "2026-01-10", "admission_year": null, "admission_type": "form1", "status": "active", "is_active": true, "is_boarder": true, "dormitory": "BATIAN A", "bed_number": "", "blood_group": "", "medical_conditions": "", "allergies": "", "created_at": "2026-03-06T07:34:13.138Z", "updated_at": "2026-03-16T10:13:50.535Z"}}, {"model": "students.student", "pk": "fa3095a1-93c9-4d74-8136-940758c8a927", "fields": {"user": "b9951e74-9c74-4a26-abd9-6ee8426371a8", "school": "f5a3dddd-a8a8-4dda-8279-e46d14835ce0", "admission_number": "CGS08/2026", "first_name": "Sharon", "last_name": "Otieno", "middle_name": "Awino", "date_of_birth": "2007-12-14", "gender": "female", "profile_photo": "", "national_id": "", "birth_certificate_no": "", "nemis_number": "", "current_stream": "0a07ce65-3df4-4ddb-b989-2b017a8e7ac9", "kcpe_marks": 374, "kcpe_year": null, "kcpe_index_number": "", "admission_date": "2025-01-08", "admission_year": null, "admission_type": "form1", "status": "active", "is_active": true, "is_boarder": true, "dormitory": "KIERA", "bed_number": "", "blood_group": "", "medical_conditions": "", "allergies": "", "created_at": "2026-03-06T07:34:13.288Z", "updated_at": "2026-03-16T10:13:58.074Z"}}, {"model": "students.parentguardian", "pk": "3f8ec57b-dbb4-4178-bcb3-33fd51ad8e93", "fields": {"user": "7093f565-677e-40dd-b887-389bb43d2236", "school": "f5a3dddd-a8a8-4dda-8279-e46d14835ce0", "first_name": "Test", "last_name": "Parent", "national_id": "", "phone_primary": "0112581460", "phone_secondary": "", "email": "mercykathomi428@gmail.com", "occupation": "", "relationship": "mother", "is_primary_contact": true, "students": ["0372c4ec-b29f-4131-a0bd-8902c9577a56"]}}, {"model": "students.parentguardian", "pk": "72b2e9f3-8674-4d92-a3e8-71861be701de", "fields": {"user": "bb7fe221-fc51-4641-b526-e73769752fa3", "school": "f5a3dddd-a8a8-4dda-8279-e46d14835ce0", "first_name": "Mercy", "last_name": "Mbaka", "national_id": "", "phone_primary": "0112581460", "phone_secondary": "", "email": "mercymbaka25@gmail.com", "occupation": "", "relationship": "mother", "is_primary_contact": true, "students": ["0372c4ec-b29f-4131-a0bd-8902c9577a56"]}}, {"model": "students.parentguardian", "pk": "c04e97d9-6d69-4643-a79f-f86b2454de0a", "fields": {"user": "885b289b-5065-489b-ab07-b2c3efee9397", "school": "f5a3dddd-a8a8-4dda-8279-e46d14835ce0", "first_name": "Mercy", "last_name": "Kathomi", "national_id": "39608966", "phone_primary": "0748077609", "phone_secondary": "", "email": "official.mercymbaka@gmail.com", "occupation": "Software Engineer", "relationship": "mother", "is_primary_contact": true, "students": []}}, {"model": "exams.exam", "pk": "0ae57f5c-70b2-420d-9e7e-98db49354b69", "fields": {"school": "f5a3dddd-a8a8-4dda-8279-e46d14835ce0", "academic_year": 1, "term": 1, "name": "English", "exam_type": "cat2", "start_date": "2026-03-15", "end_date": "2026-03-20", "exam_paper": "", "is_published": true, "is_kcse": false, "status": "active", "created_at": "2026-03-03T07:45:08.582Z", "streams": ["425712d2-1b51-4068-91f1-82bc3ac5b995", "c2db2462-eaac-4aff-8a07-e0df282a8174", "6184663d-16f9-47e0-a24e-4698ac19283b", "76caef9e-1349-4c10-b8df-c1045b4f9a14", "f54b1272-db39-4d25-b65a-0ef68a0880b0", "0a07ce65-3df4-4ddb-b989-2b017a8e7ac9", "346bfdbe-0a53-4b80-8722-1cb9043e1f40", "b40b1f0e-a1bc-4e05-946f-fbab04a41e31", "1479e00a-fbc9-4976-aadb-f642cb72402d", "f9e98792-18bb-436e-9c07-afacd71ee3d8", "71c7bda7-a20b-4483-b90b-fc2c19a28528", "886a44e5-3716-4533-b593-505d6cd2fe07", "3ad5d866-17ff-4f23-9c9d-7264dfcc6387", "86acb38e-0d44-4aca-b188-061ac3f8f9a9", "7007d6e5-975e-4e99-95d4-3eefecd81336", "406be9a0-80fe-4680-9172-a019e3823dea"]}}, {"model": "exams.exam", "pk": "3315c208-066d-4662-8271-500d532db30f", "fields": {"school": "f5a3dddd-a8a8-4dda-8279-e46d14835ce0", "academic_year": 1, "term": 2, "name": "Computer Studies Opener Exam Term 2", "exam_type": "cat1", "start_date": "2026-05-27", "end_date": "2026-05-02", "exam_paper": "", "is_published": true, "is_kcse": false, "status": "active", "created_at": "2026-04-26T19:22:12.534Z", "streams": ["425712d2-1b51-4068-91f1-82bc3ac5b995", "c2db2462-eaac-4aff-8a07-e0df282a8174", "6184663d-16f9-47e0-a24e-4698ac19283b", "76caef9e-1349-4c10-b8df-c1045b4f9a14"]}}, {"model": "exams.examresult", "pk": "30ed5832-a66a-44d2-9863-a571b6a74e69", "fields": {"exam": "3315c208-066d-4662-8271-500d532db30f", "student": "0372c4ec-b29f-4131-a0bd-8902c9577a56", "subject": "5a9c1846-7bf2-4ad6-9e6d-4be8db439cdb", "raw_score": "94.00", "grade": "A", "points": 12, "is_absent": false, "is_cancelled": false, "teacher_remarks": "", "stream_position": null, "school_position": null, "entered_by": "885b289b-5065-489b-ab07-b2c3efee9397", "created_at": "2026-04-26T19:24:41.588Z", "updated_at": "2026-04-26T19:24:53.517Z"}}, {"model": "exams.examresult", "pk": "8569ce3c-c5e9-4f39-a90c-73147343641c", "fields": {"exam": "0ae57f5c-70b2-420d-9e7e-98db49354b69", "student": "0372c4ec-b29f-4131-a0bd-8902c9577a56", "subject": "3cb4b124-9ede-4731-a0d1-817f1414f904", "raw_score": "86.00", "grade": "A", "points": 12, "is_absent": false, "is_cancelled": false, "teacher_remarks": "", "stream_position": null, "school_position": null, "entered_by": "885b289b-5065-489b-ab07-b2c3efee9397", "created_at": "2026-03-03T11:08:41.257Z", "updated_at": "2026-04-27T15:52:05.963Z"}}, {"model": "exams.examresult", "pk": "a82eea2d-dcb1-4748-bdd8-f38f0de7155e", "fields": {"exam": "0ae57f5c-70b2-420d-9e7e-98db49354b69", "student": "a3a04b45-6843-4c55-b24f-a4fb91a3b172", "subject": "3cb4b124-9ede-4731-a0d1-817f1414f904", "raw_score": "94.00", "grade": "A", "points": 12, "is_absent": false, "is_cancelled": false, "teacher_remarks": "", "stream_position": null, "school_position": null, "entered_by": "885b289b-5065-489b-ab07-b2c3efee9397", "created_at": "2026-04-27T15:52:02.215Z", "updated_at": "2026-04-27T15:52:06.007Z"}}, {"model": "exams.examresult", "pk": "b202f553-83f8-4261-86c8-c5458e0e63ac", "fields": {"exam": "3315c208-066d-4662-8271-500d532db30f", "student": "a3a04b45-6843-4c55-b24f-a4fb91a3b172", "subject": "5a9c1846-7bf2-4ad6-9e6d-4be8db439cdb", "raw_score": "65.00", "grade": "B", "points": 9, "is_absent": false, "is_cancelled": false, "teacher_remarks": "", "stream_position": null, "school_position": null, "entered_by": "885b289b-5065-489b-ab07-b2c3efee9397", "created_at": "2026-04-26T19:24:41.713Z", "updated_at": "2026-04-26T19:24:53.581Z"}}, {"model": "exams.reportcard", "pk": "04aac69b-52cf-4b4c-8822-716dd0d2548e", "fields": {"student": "0372c4ec-b29f-4131-a0bd-8902c9577a56", "exam": "3315c208-066d-4662-8271-500d532db30f", "stream": "425712d2-1b51-4068-91f1-82bc3ac5b995", "total_marks": "94.00", "total_points": 12, "mean_grade": "A", "mean_score": "94.00", "subjects_sat": 1, "stream_position": 1, "stream_size": 2, "school_position": null, "school_size": null, "class_teacher_remarks": "Outstanding academic achievement.", "principal_remarks": "Excellent performance. Keep it up!", "fee_balance": "30000.00", "pdf_file": "", "pdf_generated_at": null, "is_published": false, "created_at": "2026-04-26T19:22:24.504Z"}}, {"model": "exams.reportcard", "pk": "9b01b2a6-8dda-4e3f-90d2-d36bcfde05af", "fields": {"student": "a3a04b45-6843-4c55-b24f-a4fb91a3b172", "exam": "3315c208-066d-4662-8271-500d532db30f", "stream": "425712d2-1b51-4068-91f1-82bc3ac5b995", "total_marks": "65.00", "total_points": 9, "mean_grade": "B", "mean_score": "65.00", "subjects_sat": 1, "stream_position": 2, "stream_size": 2, "school_position": null, "school_size": null, "class_teacher_remarks": "Satisfactory progress. Focus on weak areas.", "principal_remarks": "Good performance. Room for improvement.", "fee_balance": "60000.00", "pdf_file": "", "pdf_generated_at": null, "is_published": false, "created_at": "2026-04-26T19:22:24.572Z"}}, {"model": "exams.reportcard", "pk": "a74d5082-ed33-4b55-9a79-3164dfb79189", "fields": {"student": "a3a04b45-6843-4c55-b24f-a4fb91a3b172", "exam": "0ae57f5c-70b2-420d-9e7e-98db49354b69", "stream": "425712d2-1b51-4068-91f1-82bc3ac5b995", "total_marks": "94.00", "total_points": 12, "mean_grade": "A", "mean_score": "94.00", "subjects_sat": 1, "stream_position": 2, "stream_size": 2, "school_position": null, "school_size": null, "class_teacher_remarks": "Outstanding academic achievement.", "principal_remarks": "Excellent performance. Keep it up!", "fee_balance": "60000.00", "pdf_file": "", "pdf_generated_at": null, "is_published": false, "created_at": "2026-04-27T15:52:26.623Z"}}, {"model": "exams.reportcard", "pk": "f006a08e-e81b-4705-9e34-17efc2fde5a0", "fields": {"student": "0372c4ec-b29f-4131-a0bd-8902c9577a56", "exam": "0ae57f5c-70b2-420d-9e7e-98db49354b69", "stream": "425712d2-1b51-4068-91f1-82bc3ac5b995", "total_marks": "86.00", "total_points": 12, "mean_grade": "A", "mean_score": "86.00", "subjects_sat": 1, "stream_position": 1, "stream_size": 2, "school_position": null, "school_size": null, "class_teacher_remarks": "Outstanding academic achievement.", "principal_remarks": "Excellent performance. Keep it up!", "fee_balance": "30000.00", "pdf_file": "", "pdf_generated_at": null, "is_published": false, "created_at": "2026-03-04T04:08:38.048Z"}}, {"model": "fees.feeinvoice", "pk": "59a97313-5d86-4a75-9ae1-ad5bb1104d3c", "fields": {"student": "3461183b-9b94-4e7e-94a7-476e3a252d1d", "school": "f5a3dddd-a8a8-4dda-8279-e46d14835ce0", "academic_year": 1, "term": 1, "invoice_number": "INV-F5A3-F66B1D", "invoice_date": "2026-03-07", "due_date": "2026-03-10", "total_expected": "5000.00", "total_paid": "5000.00", "discount": "0.00", "status": "paid", "notes": "term 1 fee statement ", "created_at": "2026-03-07T08:44:40.200Z", "updated_at": "2026-03-07T08:51:14.870Z"}}, {"model": "fees.feeinvoice", "pk": "8e69ab54-00c1-4426-90cd-e767f1053cde", "fields": {"student": "0372c4ec-b29f-4131-a0bd-8902c9577a56", "school": "f5a3dddd-a8a8-4dda-8279-e46d14835ce0", "academic_year": 1, "term": 2, "invoice_number": "INV-F5A3-AB4779", "invoice_date": "2026-04-27", "due_date": "2026-05-28", "total_expected": "30000.00", "total_paid": "0.00", "discount": "0.00", "status": "pending", "notes": "Term 1 Fees for Adalyn", "created_at": "2026-04-27T13:31:35.423Z", "updated_at": "2026-04-27T13:31:35.423Z"}}, {"model": "fees.feeinvoice", "pk": "9f8aebd7-5cfa-4b5f-8891-e878ba692b0d", "fields": {"student": "a3a04b45-6843-4c55-b24f-a4fb91a3b172", "school": "f5a3dddd-a8a8-4dda-8279-e46d14835ce0", "academic_year": 1, "term": 2, "invoice_number": "INV-F5A3-65317F", "invoice_date": "2026-04-27", "due_date": "2026-05-28", "total_expected": "30000.00", "total_paid": "0.00", "discount": "0.00", "status": "pending", "notes": "Term 1 Fees for Adalyn", "created_at": "2026-04-27T13:31:35.478Z", "updated_at": "2026-04-27T13:31:35.478Z"}}, {"model": "fees.feeinvoice", "pk": "dca431bc-b94f-495c-a727-2bdab2512a18", "fields": {"student": "a3a04b45-6843-4c55-b24f-a4fb91a3b172", "school": "f5a3dddd-a8a8-4dda-8279-e46d14835ce0", "academic_year": 1, "term": 1, "invoice_number": "INV-F5A3-1F011C", "invoice_date": "2026-04-27", "due_date": "2026-05-28", "total_expected": "30000.00", "total_paid": "0.00", "discount": "0.00", "status": "pending", "notes": "Term 1 Fees for Adalyn", "created_at": "2026-04-27T10:51:13.659Z", "updated_at": "2026-04-27T10:51:13.659Z"}}, {"model": "fees.feeinvoice", "pk": "e29cf73b-384e-402b-85f2-33a331251126", "fields": {"student": "0372c4ec-b29f-4131-a0bd-8902c9577a56", "school": "f5a3dddd-a8a8-4dda-8279-e46d14835ce0", "academic_year": 1, "term": 1, "invoice_number": "INV-F5A3-6F248D", "invoice_date": "2026-03-03", "due_date": "2026-05-16", "total_expected": "30000.00", "total_paid": "30000.00", "discount": "0.00", "status": "paid", "notes": "Term 1 Fees for Adalyn", "created_at": "2026-03-03T06:59:29.791Z", "updated_at": "2026-03-03T07:00:38.519Z"}}, {"model": "fees.payment", "pk": "2c554e08-f244-4e98-a14c-2ac1aa013c69", "fields": {"invoice": "e29cf73b-384e-402b-85f2-33a331251126", "school": "f5a3dddd-a8a8-4dda-8279-e46d14835ce0", "receipt_number": "RCP-35894DD0", "amount": "30000.00", "payment_date": "2026-03-03T07:00:38.437Z", "method": "mpesa", "mpesa_transaction_id": "", "mpesa_phone": "", "mpesa_paybill": "", "mpesa_account_ref": "", "mpesa_raw_callback": null, "mpesa_checkout_request_id": "", "mpesa_status": "na", "bank_reference": "", "received_by": "885b289b-5065-489b-ab07-b2c3efee9397", "notes": "", "is_reversed": false, "created_at": "2026-03-03T07:00:38.452Z"}}, {"model": "fees.payment", "pk": "a06d3e80-f760-4430-9689-430661ca7d17", "fields": {"invoice": "59a97313-5d86-4a75-9ae1-ad5bb1104d3c", "school": "f5a3dddd-a8a8-4dda-8279-e46d14835ce0", "receipt_number": "RCP-20923FC9", "amount": "5000.00", "payment_date": "2026-03-07T08:51:14.777Z", "method": "bank", "mpesa_transaction_id": "", "mpesa_phone": "", "mpesa_paybill": "", "mpesa_account_ref": "", "mpesa_raw_callback": null, "mpesa_checkout_request_id": "", "mpesa_status": "na", "bank_reference": "0112581460Kat", "received_by": "885b289b-5065-489b-ab07-b2c3efee9397", "notes": "fee for grace.balance will be cleared soon", "is_reversed": false, "created_at": "2026-03-07T08:51:14.815Z"}}, {"model": "library.book", "pk": "0f8d85c7-01d4-4509-8971-e8285d24b45e", "fields": {"school": "f5a3dddd-a8a8-4dda-8279-e46d14835ce0", "title": "Blossoms of the Savannah", "author": "Henry Ole Kulet", "isbn": "", "category": "other", "total_copies": 50, "available_copies": 50, "shelf_location": "B4", "created_at": "2026-04-26T13:04:48.761Z"}}, {"model": "library.book", "pk": "5b8a2165-0fba-439c-95b0-648cd7027e4e", "fields": {"school": "f5a3dddd-a8a8-4dda-8279-e46d14835ce0", "title": "English Grammar in Use", "author": "Raymond Murphy", "isbn": "", "category": "textbook", "total_copies": 3, "available_copies": 3, "shelf_location": "1A", "created_at": "2026-03-08T06:51:54.627Z"}}, {"model": "library.book", "pk": "81bebd5f-7b4f-44fe-8a2c-e18ec23e62fd", "fields": {"school": "f5a3dddd-a8a8-4dda-8279-e46d14835ce0", "title": "Kigogo", "author": "Pauline Kea", "isbn": "", "category": "textbook", "total_copies": 50, "available_copies": 50, "shelf_location": "A3", "created_at": "2026-04-26T13:05:35.146Z"}}, {"model": "library.borrowrecord", "pk": "51919f8e-4a24-46d5-8ee6-f32aa662ce5e", "fields": {"school": "f5a3dddd-a8a8-4dda-8279-e46d14835ce0", "book": "81bebd5f-7b4f-44fe-8a2c-e18ec23e62fd", "student": "9d00b124-ba6a-4869-a25b-8b17864515d9", "borrowed_at": "2026-04-26T13:06:29.185Z", "due_at": "2026-04-29T13:06:29.185Z", "returned_at": "2026-04-26T18:18:19.587Z", "status": "returned", "fine_amount": "0.00", "fine_paid": false, "notes": ""}}, {"model": "library.borrowrecord", "pk": "e3c352d2-9879-4343-959c-78dd082e5d02", "fields": {"school": "f5a3dddd-a8a8-4dda-8279-e46d14835ce0", "book": "5b8a2165-0fba-439c-95b0-648cd7027e4e", "student": "0372c4ec-b29f-4131-a0bd-8902c9577a56", "borrowed_at": "2026-03-08T06:55:01.153Z", "due_at": "2026-03-11T06:55:01.153Z", "returned_at": "2026-03-12T12:09:06.674Z", "status": "returned", "fine_amount": "50.00", "fine_paid": false, "notes": ""}}, {"model": "website.kcseresult", "pk": "6a6d6bca-b7cc-4be3-b109-dc78022e68fd", "fields": {"school": "f5a3dddd-a8a8-4dda-8279-e46d14835ce0", "year": 2023, "total_candidates": 0, "candidates_sat": 270, "count_a_plain": 1, "count_a_minus": 6, "count_b_plus": 45, "count_b_plain": 80, "count_b_minus": 90, "count_c_plus": 48, "count_c_plain": 0, "count_c_minus": 0, "count_d_plus": 0, "count_d_plain": 0, "count_d_minus": 0, "count_e": 0, "mean_grade": "B", "mean_points": "8.10", "county_position": null, "national_position": null, "university_qualifiers": 270, "top_student_name": "Mercy Mutheu", "top_student_points": null, "top_student_grade": "A", "summary": "Historic performance - all 270 candidates qualified for university. Top student Mercy Mutheu attained grade A. Principal Joan Muthomi celebrated the school best result.", "is_published": true, "created_at": "2026-03-20T04:48:38.273Z"}}, {"model": "website.kcseresult", "pk": "9f6746e4-f2f0-4478-b30c-9cf5bf607781", "fields": {"school": "f5a3dddd-a8a8-4dda-8279-e46d14835ce0", "year": 2024, "total_candidates": 0, "candidates_sat": 133, "count_a_plain": 0, "count_a_minus": 1, "count_b_plus": 8, "count_b_plain": 26, "count_b_minus": 47, "count_c_plus": 31, "count_c_plain": 16, "count_c_minus": 2, "count_d_plus": 1, "count_d_plain": 0, "count_d_minus": 0, "count_e": 0, "mean_grade": "B-", "mean_points": "7.20", "county_position": null, "national_position": null, "university_qualifiers": 85, "top_student_name": "", "top_student_points": null, "top_student_grade": "", "summary": "In 2024 KCSE, 133 candidates sat the exam with 85 qualifying for university admission. The school posted a mean grade of B-.", "is_published": true, "created_at": "2026-03-20T04:48:38.216Z"}}, {"model": "website.cocurricularactivity", "pk": "ee33102a-660d-48ef-b446-425a16ca5792", "fields": {"school": "f5a3dddd-a8a8-4dda-8279-e46d14835ce0", "name": "Christian Union", "category": "religious", "description": "", "patron": "1dbce778-e3a5-4930-a35c-68f721db944b", "image": "activities/C.U_bhakita.jpeg", "achievements": "", "meeting_schedule": "", "is_published": true, "order": 0}}, {"model": "timetable.timetableslot", "pk": "01e416c8-3684-4499-b272-db6ce5cb31ec", "fields": {"school": "f5a3dddd-a8a8-4dda-8279-e46d14835ce0", "stream": "425712d2-1b51-4068-91f1-82bc3ac5b995", "academic_year": 1, "term": null, "day": "wednesday", "period": "7", "subject": null, "teacher": null, "is_break": false, "notes": "", "created_at": "2026-03-05T22:15:54.450Z", "updated_at": "2026-03-05T22:15:54.450Z"}}, {"model": "timetable.timetableslot", "pk": "042183fe-2183-43c5-b0d3-05615221b5d4", "fields": {"school": "f5a3dddd-a8a8-4dda-8279-e46d14835ce0", "stream": "425712d2-1b51-4068-91f1-82bc3ac5b995", "academic_year": 1, "term": null, "day": "thursday", "period": "6", "subject": null, "teacher": null, "is_break": false, "notes": "", "created_at": "2026-03-05T22:15:55.016Z", "updated_at": "2026-03-05T22:15:55.016Z"}}, {"model": "timetable.timetableslot", "pk": "0b8d9085-4721-4ca2-9f7e-82a69e363d90", "fields": {"school": "f5a3dddd-a8a8-4dda-8279-e46d14835ce0", "stream": "425712d2-1b51-4068-91f1-82bc3ac5b995", "academic_year": 1, "term": null, "day": "wednesday", "period": "10", "subject": null, "teacher": null, "is_break": false, "notes": "", "created_at": "2026-03-05T22:15:54.611Z", "updated_at": "2026-03-05T22:15:54.611Z"}}, {"model": "timetable.timetableslot", "pk": "1235369c-776c-472b-9099-812fddd2d1a0", "fields": {"school": "f5a3dddd-a8a8-4dda-8279-e46d14835ce0", "stream": "425712d2-1b51-4068-91f1-82bc3ac5b995", "academic_year": 1, "term": null, "day": "thursday", "period": "5", "subject": null, "teacher": null, "is_break": true, "notes": "", "created_at": "2026-03-05T22:15:54.967Z", "updated_at": "2026-03-05T22:15:54.967Z"}}, {"model": "timetable.timetableslot", "pk": "123f968e-ad89-4fcf-bc9a-f67374afadb6", "fields": {"school": "f5a3dddd-a8a8-4dda-8279-e46d14835ce0", "stream": "425712d2-1b51-4068-91f1-82bc3ac5b995", "academic_year": 1, "term": null, "day": "thursday", "period": "2", "subject": null, "teacher": null, "is_break": false, "notes": "", "created_at": "2026-03-05T22:15:54.805Z", "updated_at": "2026-03-05T22:15:54.805Z"}}, {"model": "timetable.timetableslot", "pk": "12cd37d7-2829-4355-a892-541b5ebc14fd", "fields": {"school": "f5a3dddd-a8a8-4dda-8279-e46d14835ce0", "stream": "425712d2-1b51-4068-91f1-82bc3ac5b995", "academic_year": 1, "term": null, "day": "thursday", "period": "3", "subject": null, "teacher": null, "is_break": false, "notes": "", "created_at": "2026-03-05T22:15:54.853Z", "updated_at": "2026-03-05T22:15:54.853Z"}}, {"model": "timetable.timetableslot", "pk": "1785610c-70ba-4686-ae16-dcabf68a24e6", "fields": {"school": "f5a3dddd-a8a8-4dda-8279-e46d14835ce0", "stream": "425712d2-1b51-4068-91f1-82bc3ac5b995", "academic_year": 1, "term": null, "day": "tuesday", "period": "3", "subject": null, "teacher": null, "is_break": false, "notes": "", "created_at": "2026-03-05T22:15:53.669Z", "updated_at": "2026-03-05T22:15:53.669Z"}}, {"model": "timetable.timetableslot", "pk": "2233cfa9-29ac-4dc4-bb30-4bb119e6cf5a", "fields": {"school": "f5a3dddd-a8a8-4dda-8279-e46d14835ce0", "stream": "425712d2-1b51-4068-91f1-82bc3ac5b995", "academic_year": 1, "term": null, "day": "thursday", "period": "8", "subject": null, "teacher": null, "is_break": false, "notes": "", "created_at": "2026-03-05T22:15:55.128Z", "updated_at": "2026-03-05T22:15:55.128Z"}}, {"model": "timetable.timetableslot", "pk": "26bfa064-f664-4138-95c3-7941f9a1ad7d", "fields": {"school": "f5a3dddd-a8a8-4dda-8279-e46d14835ce0", "stream": "425712d2-1b51-4068-91f1-82bc3ac5b995", "academic_year": 1, "term": null, "day": "monday", "period": "3", "subject": null, "teacher": null, "is_break": false, "notes": "", "created_at": "2026-03-05T22:15:53.099Z", "updated_at": "2026-03-05T22:15:53.099Z"}}, {"model": "timetable.timetableslot", "pk": "2b68739c-266a-4d9c-a112-c314e97e17f1", "fields": {"school": "f5a3dddd-a8a8-4dda-8279-e46d14835ce0", "stream": "425712d2-1b51-4068-91f1-82bc3ac5b995", "academic_year": 1, "term": null, "day": "monday", "period": "1", "subject": "ec64c037-7a64-4eb9-8b9d-7e9c1e46c6bf", "teacher": null, "is_break": false, "notes": "", "created_at": "2026-03-05T22:15:53.000Z", "updated_at": "2026-03-05T22:15:53.000Z"}}, {"model": "timetable.timetableslot", "pk": "2bec25de-2c96-4118-a12d-cc4b2d7e049b", "fields": {"school": "f5a3dddd-a8a8-4dda-8279-e46d14835ce0", "stream": "425712d2-1b51-4068-91f1-82bc3ac5b995", "academic_year": 1, "term": null, "day": "thursday", "period": "11", "subject": null, "teacher": null, "is_break": false, "notes": "", "created_at": "2026-03-05T22:15:55.269Z", "updated_at": "2026-03-05T22:15:55.269Z"}}, {"model": "timetable.timetableslot", "pk": "2deff312-2f69-48af-8330-9be97c68c0f2", "fields": {"school": "f5a3dddd-a8a8-4dda-8279-e46d14835ce0", "stream": "425712d2-1b51-4068-91f1-82bc3ac5b995", "academic_year": 1, "term": null, "day": "tuesday", "period": "11", "subject": null, "teacher": null, "is_break": false, "notes": "", "created_at": "2026-03-05T22:15:54.044Z", "updated_at": "2026-03-05T22:15:54.044Z"}}, {"model": "timetable.timetableslot", "pk": "2f1d5fb5-d3a4-4860-a7a5-1bee522d4205", "fields": {"school": "f5a3dddd-a8a8-4dda-8279-e46d14835ce0", "stream": "425712d2-1b51-4068-91f1-82bc3ac5b995", "academic_year": 1, "term": null, "day": "tuesday", "period": "4", "subject": null, "teacher": null, "is_break": false, "notes": "", "created_at": "2026-03-05T22:15:53.717Z", "updated_at": "2026-03-05T22:15:53.717Z"}}, {"model": "timetable.timetableslot", "pk": "2f8cea31-1ac8-47b9-bccb-ba78b5d74d98", "fields": {"school": "f5a3dddd-a8a8-4dda-8279-e46d14835ce0", "stream": "425712d2-1b51-4068-91f1-82bc3ac5b995", "academic_year": 1, "term": null, "day": "thursday", "period": "9", "subject": null, "teacher": null, "is_break": true, "notes": "", "created_at": "2026-03-05T22:15:55.181Z", "updated_at": "2026-03-05T22:15:55.181Z"}}, {"model": "timetable.timetableslot", "pk": "30ea6e13-998d-4fc6-9054-803d3ff8a888", "fields": {"school": "f5a3dddd-a8a8-4dda-8279-e46d14835ce0", "stream": "425712d2-1b51-4068-91f1-82bc3ac5b995", "academic_year": 1, "term": null, "day": "tuesday", "period": "9", "subject": null, "teacher": null, "is_break": true, "notes": "", "created_at": "2026-03-05T22:15:53.954Z", "updated_at": "2026-03-05T22:15:53.954Z"}}, {"model": "timetable.timetableslot", "pk": "32c10dc6-c9e1-4553-ac8b-dc7550678aa4", "fields": {"school": "f5a3dddd-a8a8-4dda-8279-e46d14835ce0", "stream": "425712d2-1b51-4068-91f1-82bc3ac5b995", "academic_year": 1, "term": null, "day": "tuesday", "period": "2", "subject": null, "teacher": null, "is_break": false, "notes": "", "created_at": "2026-03-05T22:15:53.620Z", "updated_at": "2026-03-05T22:15:53.620Z"}}, {"model": "timetable.timetableslot", "pk": "3becca82-3a88-438e-9fdb-df433e868bd7", "fields": {"school": "f5a3dddd-a8a8-4dda-8279-e46d14835ce0", "stream": "425712d2-1b51-4068-91f1-82bc3ac5b995", "academic_year": 1, "term": null, "day": "monday", "period": "7", "subject": null, "teacher": null, "is_break": false, "notes": "", "created_at": "2026-03-05T22:15:53.288Z", "updated_at": "2026-03-05T22:15:53.288Z"}}, {"model": "timetable.timetableslot", "pk": "45e8127e-bd12-4f94-b3f4-1fffe80c1759", "fields": {"school": "f5a3dddd-a8a8-4dda-8279-e46d14835ce0", "stream": "425712d2-1b51-4068-91f1-82bc3ac5b995", "academic_year": 1, "term": null, "day": "friday", "period": "8", "subject": null, "teacher": null, "is_break": false, "notes": "", "created_at": "2026-03-05T22:15:55.727Z", "updated_at": "2026-03-05T22:15:55.727Z"}}, {"model": "timetable.timetableslot", "pk": "474a38de-6b03-410e-a50b-b5b5a12bc80f", "fields": {"school": "f5a3dddd-a8a8-4dda-8279-e46d14835ce0", "stream": "425712d2-1b51-4068-91f1-82bc3ac5b995", "academic_year": 1, "term": null, "day": "monday", "period": "11", "subject": "671330a8-58db-4809-9d0b-2e6a9760ef83", "teacher": null, "is_break": false, "notes": "", "created_at": "2026-03-05T22:15:53.478Z", "updated_at": "2026-03-05T22:15:53.478Z"}}, {"model": "timetable.timetableslot", "pk": "5848a9d6-58ff-4212-bcf0-f50e83dd1a43", "fields": {"school": "f5a3dddd-a8a8-4dda-8279-e46d14835ce0", "stream": "425712d2-1b51-4068-91f1-82bc3ac5b995", "academic_year": 1, "term": null, "day": "monday", "period": "5", "subject": null, "teacher": null, "is_break": true, "notes": "", "created_at": "2026-03-05T22:15:53.196Z", "updated_at": "2026-03-05T22:15:53.196Z"}}, {"model": "timetable.timetableslot", "pk": "5cc669a7-be49-4402-9ca1-1db61b4aa1b6", "fields": {"school": "f5a3dddd-a8a8-4dda-8279-e46d14835ce0", "stream": "425712d2-1b51-4068-91f1-82bc3ac5b995", "academic_year": 1, "term": null, "day": "monday", "period": "9", "subject": null, "teacher": null, "is_break": true, "notes": "", "created_at": "2026-03-05T22:15:53.382Z", "updated_at": "2026-03-05T22:15:53.382Z"}}, {"model": "timetable.timetableslot", "pk": "5ffbd11d-7d76-4740-94ba-c5e27f8e1416", "fields": {"school": "f5a3dddd-a8a8-4dda-8279-e46d14835ce0", "stream": "425712d2-1b51-4068-91f1-82bc3ac5b995", "academic_year": 1, "term": null, "day": "tuesday", "period": "10", "subject": null, "teacher": null, "is_break": false, "notes": "", "created_at": "2026-03-05T22:15:54.003Z", "updated_at": "2026-03-05T22:15:54.003Z"}}, {"model": "timetable.timetableslot", "pk": "66d5a726-ae6f-4f9c-a134-78763a723e69", "fields": {"school": "f5a3dddd-a8a8-4dda-8279-e46d14835ce0", "stream": "425712d2-1b51-4068-91f1-82bc3ac5b995", "academic_year": 1, "term": null, "day": "monday", "period": "2", "subject": null, "teacher": null, "is_break": false, "notes": "", "created_at": "2026-03-05T22:15:53.058Z", "updated_at": "2026-03-05T22:15:53.058Z"}}, {"model": "timetable.timetableslot", "pk": "6db207d1-c595-4560-98b9-d56e8e9527ba", "fields": {"school": "f5a3dddd-a8a8-4dda-8279-e46d14835ce0", "stream": "425712d2-1b51-4068-91f1-82bc3ac5b995", "academic_year": 1, "term": null, "day": "thursday", "period": "4", "subject": null, "teacher": null, "is_break": false, "notes": "", "created_at": "2026-03-05T22:15:54.911Z", "updated_at": "2026-03-05T22:15:54.911Z"}}, {"model": "timetable.timetableslot", "pk": "75a22ed8-9fa9-46cb-a8a0-36f39eb59f97", "fields": {"school": "f5a3dddd-a8a8-4dda-8279-e46d14835ce0", "stream": "425712d2-1b51-4068-91f1-82bc3ac5b995", "academic_year": 1, "term": null, "day": "wednesday", "period": "9", "subject": null, "teacher": null, "is_break": true, "notes": "", "created_at": "2026-03-05T22:15:54.560Z", "updated_at": "2026-03-05T22:15:54.560Z"}}, {"model": "timetable.timetableslot", "pk": "7d2d2abb-4ebe-4633-ac13-756711e355d5", "fields": {"school": "f5a3dddd-a8a8-4dda-8279-e46d14835ce0", "stream": "425712d2-1b51-4068-91f1-82bc3ac5b995", "academic_year": 1, "term": null, "day": "friday", "period": "7", "subject": null, "teacher": null, "is_break": false, "notes": "", "created_at": "2026-03-05T22:15:55.679Z", "updated_at": "2026-03-05T22:15:55.679Z"}}, {"model": "timetable.timetableslot", "pk": "7fc53b14-bb43-48b0-a29a-64f6ae9026fe", "fields": {"school": "f5a3dddd-a8a8-4dda-8279-e46d14835ce0", "stream": "425712d2-1b51-4068-91f1-82bc3ac5b995", "academic_year": 1, "term": null, "day": "wednesday", "period": "2", "subject": null, "teacher": "1dbce778-e3a5-4930-a35c-68f721db944b", "is_break": false, "notes": "", "created_at": "2026-03-05T22:15:54.185Z", "updated_at": "2026-03-05T22:15:54.185Z"}}, {"model": "timetable.timetableslot", "pk": "835c8422-db19-49e6-a602-d2df2c9a63bc", "fields": {"school": "f5a3dddd-a8a8-4dda-8279-e46d14835ce0", "stream": "425712d2-1b51-4068-91f1-82bc3ac5b995", "academic_year": 1, "term": null, "day": "tuesday", "period": "6", "subject": null, "teacher": null, "is_break": false, "notes": "", "created_at": "2026-03-05T22:15:53.809Z", "updated_at": "2026-03-05T22:15:53.809Z"}}, {"model": "timetable.timetableslot", "pk": "86c28504-a988-4a4a-ae3d-fd4aebec0bc3", "fields": {"school": "f5a3dddd-a8a8-4dda-8279-e46d14835ce0", "stream": "425712d2-1b51-4068-91f1-82bc3ac5b995", "academic_year": 1, "term": null, "day": "monday", "period": "6", "subject": null, "teacher": null, "is_break": false, "notes": "", "created_at": "2026-03-05T22:15:53.243Z", "updated_at": "2026-03-05T22:15:53.243Z"}}, {"model": "timetable.timetableslot", "pk": "8e79f0ec-1bcd-4e29-ae49-6eb22b5efddb", "fields": {"school": "f5a3dddd-a8a8-4dda-8279-e46d14835ce0", "stream": "425712d2-1b51-4068-91f1-82bc3ac5b995", "academic_year": 1, "term": null, "day": "friday", "period": "1", "subject": null, "teacher": null, "is_break": false, "notes": "", "created_at": "2026-03-05T22:15:55.361Z", "updated_at": "2026-03-05T22:15:55.361Z"}}, {"model": "timetable.timetableslot", "pk": "931e6957-a74f-45dd-af23-88e042d5e4ca", "fields": {"school": "f5a3dddd-a8a8-4dda-8279-e46d14835ce0", "stream": "425712d2-1b51-4068-91f1-82bc3ac5b995", "academic_year": 1, "term": null, "day": "friday", "period": "4", "subject": null, "teacher": null, "is_break": false, "notes": "", "created_at": "2026-03-05T22:15:55.521Z", "updated_at": "2026-03-05T22:15:55.521Z"}}, {"model": "timetable.timetableslot", "pk": "94631eec-d6af-49c0-a76a-951f91dd3f60", "fields": {"school": "f5a3dddd-a8a8-4dda-8279-e46d14835ce0", "stream": "425712d2-1b51-4068-91f1-82bc3ac5b995", "academic_year": 1, "term": null, "day": "tuesday", "period": "12", "subject": null, "teacher": null, "is_break": false, "notes": "", "created_at": "2026-03-05T22:15:54.092Z", "updated_at": "2026-03-05T22:15:54.092Z"}}, {"model": "timetable.timetableslot", "pk": "949d4884-6a46-49b0-b026-36c9aedcc1ca", "fields": {"school": "f5a3dddd-a8a8-4dda-8279-e46d14835ce0", "stream": "425712d2-1b51-4068-91f1-82bc3ac5b995", "academic_year": 1, "term": null, "day": "tuesday", "period": "5", "subject": null, "teacher": null, "is_break": true, "notes": "", "created_at": "2026-03-05T22:15:53.761Z", "updated_at": "2026-03-05T22:15:53.761Z"}}, {"model": "timetable.timetableslot", "pk": "981a48a2-c35e-4bef-91e9-0cb42b19b55e", "fields": {"school": "f5a3dddd-a8a8-4dda-8279-e46d14835ce0", "stream": "425712d2-1b51-4068-91f1-82bc3ac5b995", "academic_year": 1, "term": null, "day": "wednesday", "period": "12", "subject": null, "teacher": null, "is_break": false, "notes": "", "created_at": "2026-03-05T22:15:54.700Z", "updated_at": "2026-03-05T22:15:54.700Z"}}, {"model": "timetable.timetableslot", "pk": "9a92895b-2b67-4ef3-8c8b-2e859068060d", "fields": {"school": "f5a3dddd-a8a8-4dda-8279-e46d14835ce0", "stream": "425712d2-1b51-4068-91f1-82bc3ac5b995", "academic_year": 1, "term": null, "day": "thursday", "period": "10", "subject": null, "teacher": null, "is_break": false, "notes": "", "created_at": "2026-03-05T22:15:55.226Z", "updated_at": "2026-03-05T22:15:55.226Z"}}, {"model": "timetable.timetableslot", "pk": "a0645458-7cab-4018-950b-741c3834923f", "fields": {"school": "f5a3dddd-a8a8-4dda-8279-e46d14835ce0", "stream": "425712d2-1b51-4068-91f1-82bc3ac5b995", "academic_year": 1, "term": null, "day": "wednesday", "period": "5", "subject": null, "teacher": null, "is_break": true, "notes": "", "created_at": "2026-03-05T22:15:54.329Z", "updated_at": "2026-03-05T22:15:54.329Z"}}, {"model": "timetable.timetableslot", "pk": "a3f8af04-96b1-455e-a252-0c8fc93bfbcb", "fields": {"school": "f5a3dddd-a8a8-4dda-8279-e46d14835ce0", "stream": "425712d2-1b51-4068-91f1-82bc3ac5b995", "academic_year": 1, "term": null, "day": "wednesday", "period": "8", "subject": "4b8a5958-8580-4bcf-925e-7302d2359327", "teacher": null, "is_break": false, "notes": "", "created_at": "2026-03-05T22:15:54.510Z", "updated_at": "2026-03-05T22:15:54.510Z"}}, {"model": "timetable.timetableslot", "pk": "a6aafbd2-52fd-44f2-8c09-42bb89048287", "fields": {"school": "f5a3dddd-a8a8-4dda-8279-e46d14835ce0", "stream": "425712d2-1b51-4068-91f1-82bc3ac5b995", "academic_year": 1, "term": null, "day": "monday", "period": "4", "subject": null, "teacher": null, "is_break": false, "notes": "", "created_at": "2026-03-05T22:15:53.148Z", "updated_at": "2026-03-05T22:15:53.148Z"}}, {"model": "timetable.timetableslot", "pk": "a9a828e0-d0df-4bfd-956d-39db31f9734d", "fields": {"school": "f5a3dddd-a8a8-4dda-8279-e46d14835ce0", "stream": "425712d2-1b51-4068-91f1-82bc3ac5b995", "academic_year": 1, "term": null, "day": "friday", "period": "12", "subject": null, "teacher": null, "is_break": false, "notes": "", "created_at": "2026-03-05T22:15:55.943Z", "updated_at": "2026-03-05T22:15:55.943Z"}}, {"model": "timetable.timetableslot", "pk": "adcb310c-8bd2-4fc9-83d0-84c6d1469efc", "fields": {"school": "f5a3dddd-a8a8-4dda-8279-e46d14835ce0", "stream": "425712d2-1b51-4068-91f1-82bc3ac5b995", "academic_year": 1, "term": null, "day": "friday", "period": "9", "subject": null, "teacher": null, "is_break": true, "notes": "", "created_at": "2026-03-05T22:15:55.786Z", "updated_at": "2026-03-05T22:15:55.786Z"}}, {"model": "timetable.timetableslot", "pk": "afb82b0c-0cd4-4ef7-af63-df61ab5ffc1d", "fields": {"school": "f5a3dddd-a8a8-4dda-8279-e46d14835ce0", "stream": "425712d2-1b51-4068-91f1-82bc3ac5b995", "academic_year": 1, "term": null, "day": "wednesday", "period": "3", "subject": null, "teacher": null, "is_break": false, "notes": "", "created_at": "2026-03-05T22:15:54.234Z", "updated_at": "2026-03-05T22:15:54.234Z"}}, {"model": "timetable.timetableslot", "pk": "b8ba6eb8-3b35-4f54-8d48-aac1ba262b53", "fields": {"school": "f5a3dddd-a8a8-4dda-8279-e46d14835ce0", "stream": "425712d2-1b51-4068-91f1-82bc3ac5b995", "academic_year": 1, "term": null, "day": "tuesday", "period": "7", "subject": null, "teacher": null, "is_break": false, "notes": "", "created_at": "2026-03-05T22:15:53.851Z", "updated_at": "2026-03-05T22:15:53.851Z"}}, {"model": "timetable.timetableslot", "pk": "bbfde8e8-9b1d-49e1-b921-1a953554c634", "fields": {"school": "f5a3dddd-a8a8-4dda-8279-e46d14835ce0", "stream": "425712d2-1b51-4068-91f1-82bc3ac5b995", "academic_year": 1, "term": null, "day": "monday", "period": "8", "subject": null, "teacher": null, "is_break": false, "notes": "", "created_at": "2026-03-05T22:15:53.331Z", "updated_at": "2026-03-05T22:15:53.331Z"}}, {"model": "timetable.timetableslot", "pk": "be3d3acd-14a2-4b46-b32b-aa1b6df9d81e", "fields": {"school": "f5a3dddd-a8a8-4dda-8279-e46d14835ce0", "stream": "425712d2-1b51-4068-91f1-82bc3ac5b995", "academic_year": 1, "term": null, "day": "friday", "period": "3", "subject": null, "teacher": null, "is_break": false, "notes": "", "created_at": "2026-03-05T22:15:55.466Z", "updated_at": "2026-03-05T22:15:55.466Z"}}, {"model": "timetable.timetableslot", "pk": "c4ca0cc3-1dbb-4240-982d-e147ec1c16d4", "fields": {"school": "f5a3dddd-a8a8-4dda-8279-e46d14835ce0", "stream": "425712d2-1b51-4068-91f1-82bc3ac5b995", "academic_year": 1, "term": null, "day": "wednesday", "period": "4", "subject": null, "teacher": null, "is_break": false, "notes": "", "created_at": "2026-03-05T22:15:54.278Z", "updated_at": "2026-03-05T22:15:54.278Z"}}, {"model": "timetable.timetableslot", "pk": "ce4e9081-ed99-4672-b1a7-5926c4ebc2a7", "fields": {"school": "f5a3dddd-a8a8-4dda-8279-e46d14835ce0", "stream": "425712d2-1b51-4068-91f1-82bc3ac5b995", "academic_year": 1, "term": null, "day": "friday", "period": "6", "subject": null, "teacher": null, "is_break": false, "notes": "", "created_at": "2026-03-05T22:15:55.626Z", "updated_at": "2026-03-05T22:15:55.626Z"}}, {"model": "timetable.timetableslot", "pk": "cf1a9a98-48f9-4da9-b73c-805563fe7a47", "fields": {"school": "f5a3dddd-a8a8-4dda-8279-e46d14835ce0", "stream": "425712d2-1b51-4068-91f1-82bc3ac5b995", "academic_year": 1, "term": null, "day": "tuesday", "period": "1", "subject": null, "teacher": null, "is_break": false, "notes": "", "created_at": "2026-03-05T22:15:53.571Z", "updated_at": "2026-03-05T22:15:53.571Z"}}, {"model": "timetable.timetableslot", "pk": "d0e20486-47e1-469d-83ec-749255c8a7b5", "fields": {"school": "f5a3dddd-a8a8-4dda-8279-e46d14835ce0", "stream": "425712d2-1b51-4068-91f1-82bc3ac5b995", "academic_year": 1, "term": null, "day": "monday", "period": "10", "subject": null, "teacher": null, "is_break": false, "notes": "", "created_at": "2026-03-05T22:15:53.431Z", "updated_at": "2026-03-05T22:15:53.431Z"}}, {"model": "timetable.timetableslot", "pk": "e0ef1424-e8a1-4575-80bb-f0e570bc56c3", "fields": {"school": "f5a3dddd-a8a8-4dda-8279-e46d14835ce0", "stream": "425712d2-1b51-4068-91f1-82bc3ac5b995", "academic_year": 1, "term": null, "day": "thursday", "period": "7", "subject": null, "teacher": null, "is_break": false, "notes": "", "created_at": "2026-03-05T22:15:55.066Z", "updated_at": "2026-03-05T22:15:55.066Z"}}, {"model": "timetable.timetableslot", "pk": "e15dc146-38e9-4634-b15d-eacded71d8d3", "fields": {"school": "f5a3dddd-a8a8-4dda-8279-e46d14835ce0", "stream": "425712d2-1b51-4068-91f1-82bc3ac5b995", "academic_year": 1, "term": null, "day": "wednesday", "period": "1", "subject": null, "teacher": null, "is_break": false, "notes": "", "created_at": "2026-03-05T22:15:54.142Z", "updated_at": "2026-03-05T22:15:54.142Z"}}, {"model": "timetable.timetableslot", "pk": "e2089d68-1343-4115-8092-97ae450ab522", "fields": {"school": "f5a3dddd-a8a8-4dda-8279-e46d14835ce0", "stream": "425712d2-1b51-4068-91f1-82bc3ac5b995", "academic_year": 1, "term": null, "day": "thursday", "period": "1", "subject": null, "teacher": null, "is_break": false, "notes": "", "created_at": "2026-03-05T22:15:54.746Z", "updated_at": "2026-03-05T22:15:54.746Z"}}, {"model": "timetable.timetableslot", "pk": "e22fa736-02c1-497e-bec9-ed643bd19750", "fields": {"school": "f5a3dddd-a8a8-4dda-8279-e46d14835ce0", "stream": "425712d2-1b51-4068-91f1-82bc3ac5b995", "academic_year": 1, "term": null, "day": "wednesday", "period": "6", "subject": null, "teacher": null, "is_break": false, "notes": "", "created_at": "2026-03-05T22:15:54.385Z", "updated_at": "2026-03-05T22:15:54.385Z"}}, {"model": "timetable.timetableslot", "pk": "e78eb523-57f4-4483-8a7e-5327a27576cf", "fields": {"school": "f5a3dddd-a8a8-4dda-8279-e46d14835ce0", "stream": "425712d2-1b51-4068-91f1-82bc3ac5b995", "academic_year": 1, "term": null, "day": "monday", "period": "12", "subject": null, "teacher": null, "is_break": false, "notes": "", "created_at": "2026-03-05T22:15:53.523Z", "updated_at": "2026-03-05T22:15:53.523Z"}}, {"model": "timetable.timetableslot", "pk": "e832e040-d113-4f36-a2ff-9ea0c491b679", "fields": {"school": "f5a3dddd-a8a8-4dda-8279-e46d14835ce0", "stream": "425712d2-1b51-4068-91f1-82bc3ac5b995", "academic_year": 1, "term": null, "day": "tuesday", "period": "8", "subject": null, "teacher": null, "is_break": false, "notes": "", "created_at": "2026-03-05T22:15:53.897Z", "updated_at": "2026-03-05T22:15:53.897Z"}}, {"model": "timetable.timetableslot", "pk": "ea0bd842-733f-45be-9a7f-0e4d1d05d4f7", "fields": {"school": "f5a3dddd-a8a8-4dda-8279-e46d14835ce0", "stream": "425712d2-1b51-4068-91f1-82bc3ac5b995", "academic_year": 1, "term": null, "day": "friday", "period": "2", "subject": null, "teacher": null, "is_break": false, "notes": "", "created_at": "2026-03-05T22:15:55.416Z", "updated_at": "2026-03-05T22:15:55.416Z"}}, {"model": "timetable.timetableslot", "pk": "f4af52dd-f406-46d6-b8ce-ad84ccd259c6", "fields": {"school": "f5a3dddd-a8a8-4dda-8279-e46d14835ce0", "stream": "425712d2-1b51-4068-91f1-82bc3ac5b995", "academic_year": 1, "term": null, "day": "friday", "period": "5", "subject": null, "teacher": null, "is_break": true, "notes": "", "created_at": "2026-03-05T22:15:55.568Z", "updated_at": "2026-03-05T22:15:55.568Z"}}, {"model": "timetable.timetableslot", "pk": "f690e5ba-816d-42ff-82cb-cfe178ea2316", "fields": {"school": "f5a3dddd-a8a8-4dda-8279-e46d14835ce0", "stream": "425712d2-1b51-4068-91f1-82bc3ac5b995", "academic_year": 1, "term": null, "day": "friday", "period": "11", "subject": null, "teacher": null, "is_break": false, "notes": "", "created_at": "2026-03-05T22:15:55.888Z", "updated_at": "2026-03-05T22:15:55.888Z"}}, {"model": "timetable.timetableslot", "pk": "f7b2b126-0b40-4d88-be42-b54b06a05b1c", "fields": {"school": "f5a3dddd-a8a8-4dda-8279-e46d14835ce0", "stream": "425712d2-1b51-4068-91f1-82bc3ac5b995", "academic_year": 1, "term": null, "day": "wednesday", "period": "11", "subject": null, "teacher": null, "is_break": false, "notes": "", "created_at": "2026-03-05T22:15:54.656Z", "updated_at": "2026-03-05T22:15:54.656Z"}}, {"model": "timetable.timetableslot", "pk": "f9c016a9-4e5a-415c-aba1-c8c3462d257c", "fields": {"school": "f5a3dddd-a8a8-4dda-8279-e46d14835ce0", "stream": "425712d2-1b51-4068-91f1-82bc3ac5b995", "academic_year": 1, "term": null, "day": "thursday", "period": "12", "subject": null, "teacher": null, "is_break": false, "notes": "", "created_at": "2026-03-05T22:15:55.316Z", "updated_at": "2026-03-05T22:15:55.316Z"}}, {"model": "timetable.timetableslot", "pk": "fa870c8f-f5d4-41b8-af12-4139608f71cf", "fields": {"school": "f5a3dddd-a8a8-4dda-8279-e46d14835ce0", "stream": "425712d2-1b51-4068-91f1-82bc3ac5b995", "academic_year": 1, "term": null, "day": "friday", "period": "10", "subject": null, "teacher": null, "is_break": false, "notes": "", "created_at": "2026-03-05T22:15:55.831Z", "updated_at": "2026-03-05T22:15:55.831Z"}}, {"model": "attendance.attendancesession", "pk": 1, "fields": {"school": "f5a3dddd-a8a8-4dda-8279-e46d14835ce0", "date": "2026-03-10", "session": "full_day", "stream": "425712d2-1b51-4068-91f1-82bc3ac5b995", "taken_by": "885b289b-5065-489b-ab07-b2c3efee9397", "created_at": "2026-03-10T11:14:03.429Z"}}, {"model": "attendance.attendancesession", "pk": 2, "fields": {"school": "f5a3dddd-a8a8-4dda-8279-e46d14835ce0", "date": "2026-03-09", "session": "full_day", "stream": "c2db2462-eaac-4aff-8a07-e0df282a8174", "taken_by": "885b289b-5065-489b-ab07-b2c3efee9397", "created_at": "2026-03-10T11:14:40.225Z"}}, {"model": "attendance.attendancesession", "pk": 3, "fields": {"school": "f5a3dddd-a8a8-4dda-8279-e46d14835ce0", "date": "2026-04-26", "session": "full_day", "stream": "0a07ce65-3df4-4ddb-b989-2b017a8e7ac9", "taken_by": "885b289b-5065-489b-ab07-b2c3efee9397", "created_at": "2026-04-26T13:01:48.767Z"}}, {"model": "attendance.attendancerecord", "pk": 1, "fields": {"session": 1, "student": "0372c4ec-b29f-4131-a0bd-8902c9577a56", "status": "present", "remarks": "Sharp Girl."}}, {"model": "attendance.attendancerecord", "pk": 2, "fields": {"session": 1, "student": "a3a04b45-6843-4c55-b24f-a4fb91a3b172", "status": "absent", "remarks": "Sharp Girl."}}, {"model": "attendance.attendancerecord", "pk": 3, "fields": {"session": 2, "student": "3461183b-9b94-4e7e-94a7-476e3a252d1d", "status": "present", "remarks": ""}}, {"model": "attendance.attendancerecord", "pk": 4, "fields": {"session": 3, "student": "fa3095a1-93c9-4d74-8136-940758c8a927", "status": "excused", "remarks": "BROKE A LEG"}}, {"model": "notices.notice", "pk": 1, "fields": {"school": "f5a3dddd-a8a8-4dda-8279-e46d14835ce0", "title": "MADARAKA DAY MEMO", "content": "ALL STUDENTS ARE EXPECT TO OBSERVE MADARAKA DAY ON 1ST JUNE 2026. THE SCHEDULE;\r\n-5:00-6:00  -MORNING DUTIES\r\n-6:00-8:00  -BREAKFAST \r\n8:00-8:45    - ASSEMBLY\r\n9:00-1345  - TV ROOM \r\n134-1415    -LUNCH\r\n1430-1630  -PREPS\r\n\r\nPROGRAMS RESUME TO NORMAL ", "audience": "all", "priority": "important", "is_active": true, "posted_by": "885b289b-5065-489b-ab07-b2c3efee9397", "created_at": "2026-03-10T11:56:00.726Z", "expires_at": "2026-06-01"}}, {"model": "notices.notice", "pk": 2, "fields": {"school": "f5a3dddd-a8a8-4dda-8279-e46d14835ce0", "title": "school date", "content": "school closes", "audience": "all", "priority": "urgent", "is_active": false, "posted_by": "885b289b-5065-489b-ab07-b2c3efee9397", "created_at": "2026-04-27T09:51:55.817Z", "expires_at": "2026-05-29"}}, {"model": "notices.notice", "pk": 3, "fields": {"school": "f5a3dddd-a8a8-4dda-8279-e46d14835ce0", "title": "SCHOOL WEBSITE", "content": "Dear parentsthank you for your support ", "audience": "all", "priority": "normal", "is_active": true, "posted_by": "885b289b-5065-489b-ab07-b2c3efee9397", "created_at": "2026-04-27T10:09:31.431Z", "expires_at": "2026-05-26"}}]
